N_part,RAA_1S,RAA_2S,RAA_chi_b0(1P),RAA_chi_b1(1P),RAA_chi_b2(1P),RAA_3S,RAA_chi_b0(2P),RAA_chi_b1(2P),RAA_chi_b2(2P)
1.779971809235051694e+01,7.739283271129995256e-01,5.631195460958898780e-01,9.176710560448005927e-01,9.173390867643449464e-01,9.174850073271826334e-01,4.501943498133140764e-01,5.528696489506867984e-01,5.528696489506867984e-01,5.528696489506867984e-01
