b_fm,nqtraj,survival_mean,survival_stderr,n_trajectories
0.0,100,0.0013708633000000003,7.067897645722594e-05,100
