b_fm,nqtraj,survival_mean,survival_stderr,n_trajectories
0.0,100,4.4570917226699987e-07,5.2376839607504416e-08,100
