b_fm,nqtraj,survival_mean,survival_stderr,n_trajectories
0.0,100,0.0033073609523809524,0.0002531979951119259,105
