b_fm,nqtraj,survival_mean,survival_stderr,n_trajectories
0.0,100,0.006872730299999999,0.00026566928778217684,100
