b_fm,nqtraj,survival_mean,survival_stderr,n_trajectories
0.0,100,1.1291210369711538e-05,1.4004986409469093e-06,104
