b_fm,nqtraj,survival_mean,survival_stderr,n_trajectories
0.0,100,0.00030990764999999995,2.2741004319538638e-05,100
