b_fm,nqtraj,survival_mean,survival_stderr,n_trajectories
0.0,100,0.0035820057539999984,0.00014452115136401528,100
