b_fm,nqtraj,survival_mean,survival_stderr,n_trajectories
0.0,100,1.5109964999999999e-05,1.108768303502923e-06,100
