b_fm,nqtraj,survival_mean,survival_stderr,n_trajectories
0.0,100,0.00016154905122676473,1.4497036222676106e-05,102
