b_fm,nqtraj,survival_mean,survival_stderr,n_trajectories
0.0,100,2.2502610020487015e-08,2.0662276085582913e-09,154
