b_fm,nqtraj,survival_mean,survival_stderr,n_trajectories
0.0,100,0.0006314972080196079,5.5555213065074365e-05,102
