b_fm,nqtraj,survival_mean,survival_stderr,n_trajectories
0.0,100,0.0015696015077227721,0.00013721625007949792,101
