b_fm,nqtraj,survival_mean,survival_stderr,n_trajectories
0.0,100,3.378362612645999e-05,2.6447013946401583e-06,100
