pT,RAA_1S,RAA_2S,RAA_chi_b0(1P),RAA_chi_b1(1P),RAA_chi_b2(1P),RAA_3S,RAA_chi_b0(2P),RAA_chi_b1(2P),RAA_chi_b2(2P)
1.000000000000000000e+00,6.475896214805199058e-01,5.901485452877854865e-01,3.547369154703002292e-01,3.551067319717475246e-01,3.549441752678146877e-01,3.118310682861116789e-01,7.611286753025474638e-01,7.611286753025474638e-01,7.611286753025474638e-01
3.500000000000000000e+00,6.585236484067357177e-01,5.994575075992052415e-01,3.772484061738478056e-01,3.777146871957733909e-01,3.775097285048171214e-01,3.301506587616058197e-01,8.896451335646455849e-01,8.896451335646455849e-01,8.896451335646455849e-01
7.500000000000000000e+00,6.713477413032772345e-01,6.064446054629881733e-01,4.143404258332172851e-01,4.147659530189776178e-01,4.145789081021599154e-01,3.606939076093037544e-01,8.819527178776619403e-01,8.819527178776619403e-01,8.819527178776619403e-01
1.250000000000000000e+01,6.788545750131653733e-01,6.126021756096169391e-01,4.505248900476072627e-01,4.512153416490792268e-01,4.509118464396409953e-01,3.901861201417388680e-01,1.209262913643219139e+00,1.209262913643219139e+00,1.209262913643219139e+00
1.750000000000000000e+01,6.841653875199682489e-01,6.118296127422727659e-01,4.663169350302129867e-01,4.666393228440192109e-01,4.664976139148737100e-01,4.034361630357318762e-01,8.205892578943260185e-01,8.205892578943261295e-01,8.205892578943260185e-01
2.500000000000000000e+01,6.954227299759420111e-01,6.109046293478622713e-01,4.971853461855638145e-01,4.975147187761629897e-01,4.973699396154599994e-01,4.209724179862457949e-01,8.591332479429349966e-01,8.591332479429349966e-01,8.591332479429349966e-01
