N_part,RAA_1S,RAA_2S,RAA_chi_b0(1P),RAA_chi_b1(1P),RAA_chi_b2(1P),RAA_3S,RAA_chi_b0(2P),RAA_chi_b1(2P),RAA_chi_b2(2P)
1.779971809235051694e+01,6.640103091441472705e-01,6.020043270572863481e-01,3.955908525274476895e-01,3.960405248303871528e-01,3.958428666752489833e-01,3.451431714739106038e-01,8.897362403730417757e-01,8.897362403730417757e-01,8.897362403730417757e-01
