N_part,RAA_1S,RAA_2S,RAA_chi_b0(1P),RAA_chi_b1(1P),RAA_chi_b2(1P),RAA_3S,RAA_chi_b0(2P),RAA_chi_b1(2P),RAA_chi_b2(2P)
1.779971809235051694e+01,8.827312106388841562e-01,7.911682250886414858e-01,3.990683240606505144e-01,3.987053692957065465e-01,3.988649098517259017e-01,3.451699062971329557e-01,2.169340123903140964e-04,2.169340123903140693e-04,2.169340123903140964e-04
