b,RAA_1S,RAA_2S,RAA_1P,RAA_3S,RAA_2P,RAA_1D,SEM_1S,SEM_2S,SEM_1P,SEM_3S,SEM_2P,SEM_1D
4.496909999999999741e+00,6.910382459667627764e-01,5.999053556983297009e-01,3.955908525274476895e-01,3.451431714739106038e-01,8.897362403730417757e-01,1.037354681503318231e-04,1.985467275303615716e-03,1.597309805104070750e-03,1.431973600056430989e-03,1.205827930944258775e-03,5.038830019816166461e-02,2.513820600203269007e-06
