y,RAA_1S,RAA_2S,RAA_chi_b0(1P),RAA_chi_b1(1P),RAA_chi_b2(1P),RAA_3S,RAA_chi_b0(2P),RAA_chi_b1(2P),RAA_chi_b2(2P)
-5.000000000000000000e+00,1.218533856450233488e+00,1.072538287611329189e+00,7.008666004437358321e-01,7.002289118013675928e-01,7.005092145013097626e-01,6.007097892805398631e-01,1.098505885480037221e-04,1.098505885480037221e-04,1.098505885480037221e-04
-3.000000000000000000e+00,8.953190179518385472e-01,8.049364284920584867e-01,4.179182572661266915e-01,4.175381364928881789e-01,4.177052225470589963e-01,3.632634102779954688e-01,2.031218392038661570e-04,2.031218392038661570e-04,2.031218392038661570e-04
-1.000000000000000000e+00,8.313895282682872701e-01,7.512115923409028451e-01,3.531903748533870013e-01,3.528691807773019495e-01,3.530103649865701243e-01,3.079324668984675939e-01,2.298516830291437614e-04,2.298516830291437885e-04,2.298516830291437614e-04
1.000000000000000000e+00,8.341883527017084354e-01,7.511184998606573737e-01,3.537885054009649033e-01,3.534667561675474690e-01,3.536081844020167453e-01,3.071250411029776695e-01,2.179192280069385370e-04,2.179192280069385370e-04,2.179192280069385370e-04
3.000000000000000000e+00,9.443219184494565654e-01,8.417637718450534656e-01,4.579478045114984686e-01,4.575312760182034810e-01,4.577143654658057392e-01,3.950593639062347506e-01,2.241855060802978492e-04,2.241855060802978221e-04,2.241855060802978492e-04
5.000000000000000000e+00,1.351699511008606525e+00,1.144533147407690743e+00,7.817245216845204459e-01,7.810132371450667632e-01,7.813258896898817030e-01,6.430572459655715667e-01,9.315964760617632013e-05,9.315964760617632013e-05,9.315964760617632013e-05
